mA,era,ch,wp,win_lo,win_hi,n_presel,n_pass,yield_none,eff_none,mean_none,rms_none,seff_none,rmean_R_none,eff_nominal,mean_nominal,rms_nominal,seff_nominal,rmean_R_nominal,eff_nominal_hash,mean_nominal_hash,rms_nominal_hash,seff_nominal_hash,rmean_R_nominal_hash,eff_zmhsb,mean_zmhsb,rms_zmhsb,seff_zmhsb,rmean_R_zmhsb,eff_zmhsb_hash,mean_zmhsb_hash,rms_zmhsb_hash,seff_zmhsb_hash,rmean_R_zmhsb_hash,eff_zmnarrowhsb,mean_zmnarrowhsb,rms_zmnarrowhsb,seff_zmnarrowhsb,rmean_R_zmnarrowhsb,eff_zmnarrowhsb_hash,mean_zmnarrowhsb_hash,rms_zmnarrowhsb_hash,seff_zmnarrowhsb_hash,rmean_R_zmnarrowhsb_hash,dy_zmhsb,dyerr_zmhsb,dy_zmhsb_hash,dyerr_zmhsb_hash,dy_zmnarrowhsb,dyerr_zmnarrowhsb,dy_zmnarrowhsb_hash,dyerr_zmnarrowhsb_hash,dy_nominal_vs_none,dyerr_nominal_vs_none,dy_nominal_hash_vs_none,dyerr_nominal_hash_vs_none,cur_up,cur_dn
3,2022preEE,ele,0.988,100.0,180.0,3753,2060,2.751545167418504,0.5573583662794372,123.68910983524933,4.103438444281343,2.5514271760230542,1.0,0.5578851404595828,123.66574677164486,4.013333955666877,2.5468506551249703,1.229572842499417,0.5587345265874126,123.65814114661576,4.0006323783015025,2.5438224331674277,1.208038538921301,0.5619062977193351,123.710910475543,4.091622397008262,2.5633403587914785,1.4121285588148014,0.5566753097454294,123.72174595729044,4.122364454243309,2.5738096384091804,1.271477842363887,0.5387460836236964,123.76161662793047,4.1281656411729974,2.615431583371347,1.1524088423797274,0.5507928275285657,123.7305453449366,4.054911398990782,2.5690202467087175,1.1655372203794039,0.0072078586937083244,0.003568764221033165,-0.003685501332019503,0.00356878074139885,-0.034306446699978066,0.005680163133647864,-0.014213725268335309,0.005451155920112794,0.000945126532614804,0.003371750406840806,0.0024690762554830936,0.0033366223695409534,0.013228893280029297,-0.010623812675476074
3,2022preEE,mu,0.988,100.0,180.0,4202,2304,2.863628657163186,0.549451580059325,124.57362108916223,3.6551142112013424,1.5467777047304807,1.0,0.5529959873020339,124.57267175039607,3.6343669847328086,1.5467777047304807,1.2260941313993483,0.5533206059350929,124.55918554876689,3.606003337730583,1.547388688477973,1.2036041639885218,0.556605875511003,124.6151430376268,3.885039531225292,1.5600188496603593,1.394078015120385,0.5498444887722714,124.62469843938113,3.914230902797265,1.5673526111807377,1.2596513797595026,0.533573636441424,124.68557313276897,3.8751392924757813,1.545826133121949,1.15736961143862,0.5452312970126846,124.60693042741975,3.675811591943301,1.5212013071400108,1.1631281266689042,0.006527874147118418,0.003796415021300613,-0.0062822839517190365,0.00395889654611528,-0.03512204664516294,0.006198124590275671,-0.014619569261726029,0.006058156716424414,0.006450809081896214,0.0030149011176833678,0.0070416138858862,0.0030869507590640098,0.012192368507385254,-0.009744703769683838
3,2022preEE,all,0.988,100.0,180.0,7955,4364,5.6151738245816905,0.5532978333703903,124.140193248411,3.906383270427937,2.008397258006852,1.0,0.5553777746857276,124.12886182589534,3.851288761996257,2.0025378409856955,1.2277863491619638,0.5559591796662886,124.11785281068327,3.8309830549324633,1.9993433445809359,1.2057612640786093,0.5592013015603264,124.17023109608363,4.013562170080744,2.0243458410876727,1.4028586956040157,0.5531832876586413,124.1805632734435,4.043231871832795,2.0287189688061744,1.2654043582369776,0.5360842214169708,124.23487943054582,4.027131997264687,2.0389236481803437,1.1549564471153377,0.5479395763066577,124.17793791905747,3.8907725362299086,2.0179952502105465,1.164300029437327,0.006884551469065414,0.0026504851244832737,-0.004992978098344314,0.0027046612411380745,-0.034739512721182364,0.004604066050182866,-0.014424806088181974,0.004478719453315741,0.003759171263453931,0.002265476372869875,0.004809970571702404,0.00228774570009942,0.012700461349924043,-0.010175633116124587
3,2022postEE,ele,0.988,100.0,180.0,3493,1886,6.844062357895762,0.5314817043565948,123.73929337724796,4.774090382475002,2.7955069848126186,1.0,0.5358067372636919,123.73431662379461,4.672029939183249,2.7958789186988753,1.2199678399268101,0.5360848024450706,123.7187962806486,4.639979970851074,2.7958789186988753,1.1965574273904047,0.5385810293791431,123.84113558385003,4.81705714579091,2.7958789186988753,1.4097468337199595,0.5314978449313081,123.84883708820546,4.835948198647473,2.795941743476,1.2729089177295208,0.5188002061628557,123.92657187051968,4.878569750126308,2.7720420119665548,1.1669664385299097,0.5312884694582776,123.84462652182553,4.70780502735271,2.7343678967917597,1.1675194075385849,0.00517778505290778,0.004071568278289463,-0.008556402816945141,0.004262597515883413,-0.031740047144025674,0.006601302407313011,-0.00894696690694663,0.006400034216133951,0.008137689165298445,0.0042333200057407885,0.008660877788913224,0.004316349018811964,0.013266444206237793,-0.01087343692779541
3,2022postEE,mu,0.988,100.0,180.0,4072,2207,8.551744974830932,0.5345867372840629,124.51919257301911,3.3266226652726685,1.5740099409174988,1.0,0.5369711945605184,124.52588503414296,3.33415528435477,1.5790745457176243,1.2237347832882444,0.5376424560101851,124.52707564664253,3.3341876781213857,1.5845498329898078,1.2015485322291255,0.5425078167777381,124.55809857503839,3.3742840124332636,1.5890764122927408,1.4030611453359132,0.536037613589252,124.57533777780951,3.4040177177911226,1.59285168134042,1.2659176442110618,0.5143759858740005,124.61319814916281,3.3135507802995803,1.560642826510204,1.169234824500845,0.5259460797648519,124.5806774545939,3.204366293521126,1.5504842989013312,1.1752292173717356,0.010310836546364444,0.003479307590620715,-0.0029849622234869866,0.003516479454751702,-0.04207899588545139,0.006609247000256386,-0.021754934184572083,0.006747170064110949,0.004460374921700483,0.0036768717169995877,0.005716039162599884,0.003723728530435,0.01253819465637207,-0.010275721549987793
3,2022postEE,all,0.988,100.0,180.0,7565,4093,15.395807332726694,0.5332019562227461,124.17249566954565,4.053280021263409,2.108683629076019,1.0,0.5364527573422939,124.17388901858519,4.0043009825303715,2.1093619222453626,1.2220548037363945,0.536949376104769,124.16800981539052,3.987950231977018,2.1122074957618793,1.199322601742345,0.540751936611851,124.2387924925352,4.095867694997688,2.1093619222453626,1.406042825360686,0.534006790239627,124.25187137021442,4.119600112042209,2.1122074957618793,1.2690356089441257,0.516346974865195,124.30585298844947,4.103047607884823,2.088538270829595,1.1682231708386506,0.528319991097632,124.2517727061319,3.9645138927744235,2.079745833743921,1.1717908001656394,0.008014087374359047,0.002754870762400987,-0.005480192353492508,0.002787839113162852,-0.03747912971257239,0.004998396199132115,-0.01607113331565413,0.004882364798622876,0.0060967539252421155,0.0025775267946677605,0.0070281435360251,0.0026225468410615814,0.012863098740517533,-0.010542388611357142
3,2023preBPix,ele,0.988,100.0,180.0,2567,1305,4.797557834556875,0.5190681372744704,123.98476025228112,4.5981251636910825,2.5356009255373095,1.0,0.5199774717673125,124.03311493365116,4.472321333187741,2.495352827314079,1.2326856829946238,0.5201466714796362,124.01741778563259,4.466621909833858,2.495352827314079,1.2095914176942544,0.5194343828529894,124.05323153158584,4.644708644048451,2.514512378828563,1.4232883631119346,0.5132323300615709,124.06467657898617,4.7130861073183015,2.5356009255373095,1.283745984143078,0.4997512451284551,124.14110952528091,4.714099296006722,2.534453833535963,1.176507755497556,0.5140332277120422,124.0413231198703,4.584053606361317,2.5126830423532382,1.1726631474333145,-0.0010444470074389978,0.004963738015008431,-0.013293060971430348,0.005210473127985131,-0.03889827490047204,0.00835119113799878,-0.011753307485758646,0.008299364146283444,0.0017518595874845833,0.004820788597931891,0.0020778277989264016,0.004873928112949403,0.011965036392211914,-0.009961545467376709
3,2023preBPix,mu,0.988,100.0,180.0,3145,1525,5.761355567177549,0.4949954168969587,124.57139073350878,3.9306819683374026,1.6443019576718356,1.0,0.4986854496753334,124.5987447652412,3.959820144362922,1.6476412493181627,1.2176925040715514,0.49924765030290336,124.58233819029314,3.943158610286513,1.6461090889609977,1.194691459499414,0.4981152227318203,124.67004777424222,4.129894435610766,1.6455312499734944,1.3975791881510102,0.49189537270653905,124.66533074763564,4.1221705503497486,1.6528308358243606,1.260031469446074,0.482202396935934,124.71432240722655,4.1930123492293125,1.6805316303563842,1.1496120868570576,0.4956467978280664,124.64638469868537,4.04576939131615,1.6514334600852507,1.1484873345489741,-0.0011434601588723448,0.0046223595799497474,-0.014726714471071656,0.0045364426421927225,-0.0330530051561172,0.006862084195923125,-0.007212557680846832,0.007300134732375266,0.007454680694837235,0.004078380689503818,0.008590450054267507,0.004074167570883749,0.012548327445983887,-0.009453237056732178
3,2023preBPix,all,0.988,100.0,180.0,5712,2830,10.558913401734426,0.5056503844879325,124.30484875573846,4.256997160177587,2.021690116713927,1.0,0.5081739632603886,124.34082436139026,4.210710652854383,2.0109481639321345,1.224328722704334,0.508561839128158,124.32483156442679,4.199322902445496,2.0099685324475374,1.2012864171603352,0.5076473922616596,124.38785492693187,4.383732705492637,2.0229612920030604,1.408958476478358,0.5014377008339836,124.3903872993214,4.412669557268716,2.027272656003035,1.2705278895253058,0.49007004593197306,124.45225800782733,4.448017894428904,2.0549840995873296,1.1615165360928736,0.5038795264048975,124.37000226000312,4.310567086736373,2.016269449932622,1.1591879325174832,-0.001036202239387829,0.0033946330752831154,-0.014008401232753598,0.003612277062580707,-0.0356254327007679,0.005286544614723,-0.009206968283911099,0.005280493867104282,0.004990758140155815,0.0033193383007238415,0.005757841246722073,0.0033053041853049765,0.012283035298357609,-0.009684425635820355
3,2023postBPix,ele,0.988,100.0,180.0,2506,1245,2.324197040907766,0.48951227040109097,124.10153564579642,4.869513664707431,2.912167862235073,1.0,0.4918687663589102,124.09742986118621,4.77564150434775,2.9274034235730255,1.2087164677343338,0.49252051311866557,124.08629685789596,4.771237673627179,2.9360549365310575,1.186549929704081,0.4954404754622456,124.190043590509,4.983081839835808,2.9360549365310575,1.4066230801492012,0.4884699410042746,124.20107319800657,5.0405683823511565,2.9510769139869666,1.2738149990311909,0.4768363058562895,124.127962792368,5.066517346596113,2.9440463313108296,1.1499722660185878,0.49233627365928856,124.07474632700173,4.967741144266866,2.9096392458676803,1.148920264654991,0.007261508246956261,0.004922153861448062,-0.00822416936249526,0.005182026848596918,-0.03056193344801994,0.0084409312312152,-0.00037407469226080625,0.009053008101048627,0.004813967085826931,0.00477661707517562,0.006145387765478683,0.004859496894828243,0.014646053314208984,-0.009908020496368408
3,2023postBPix,mu,0.988,100.0,180.0,3137,1568,3.175515608252958,0.506993004590884,124.65374329262525,3.711037838359357,1.7062204253012538,1.0,0.5168629789724853,124.62859373766194,3.6222728045424377,1.7070867702591954,1.2150394236373718,0.5171370006607969,124.6191408485222,3.607204612301574,1.7148869042300205,1.191150039158752,0.5157676046103404,124.68434870309477,3.752363063317867,1.7186294145168048,1.4023785421991386,0.5091801463824525,124.69487561441828,3.7833145139621607,1.732792901597655,1.266386622623604,0.49435363325831855,124.72155670403544,3.6671485657411362,1.749852237404788,1.139258817265679,0.506200913714919,124.64937594426782,3.533776797466236,1.7405542937096854,1.1323461899925793,-0.0021192741726685504,0.0044210059560935815,-0.015386356551894798,0.004671783341845049,-0.04354992837543714,0.00676847009077502,-0.02114736894073288,0.006481418200320426,0.01946767370008562,0.004514381572712451,0.02000815786028154,0.004435336655371398,0.013720512390136719,-0.010517537593841553
3,2023postBPix,all,0.988,100.0,180.0,5643,2813,5.499712649160724,0.49945553006215965,124.42037848602537,4.248180633569388,2.21741246858015,1.0,0.5061177590307794,124.40667087255663,4.151662409187787,2.21741246858015,1.2123130439242575,0.506546033674165,124.39623831440565,4.142566307087179,2.221405248839993,1.1891665293434623,0.506987730190865,124.47570686750097,4.321768155838174,2.2388754645624687,1.4042087340170246,0.5002204440636441,124.48626385203995,4.365738788519158,2.2567914955334984,1.2695896458693128,0.48676014068938556,124.46948884664737,4.327116826224744,2.2699001368637184,1.1438783227288416,0.5001731930131981,124.40346721223874,4.217275545566629,2.259170557467165,1.139492724242728,0.0017189105589805465,0.0032102719862871425,-0.012487689548448477,0.0034889878222288534,-0.03824726162240155,0.005383114192669314,-0.012580970410018488,0.0053277618800230825,0.013338983288042838,0.003234721421020465,0.014196466322282664,0.00328470747771446,0.014112239412730855,-0.010259564865026018
3,2024,ele,0.988,100.0,180.0,3654,1877,27.83082291760507,0.49537053396119274,123.66429350440056,4.481024624917036,2.8552872913065954,1.0,0.497745464169237,123.63493440919933,4.3551378953455995,2.846293313625033,1.2060341972987485,0.49781558807996695,123.61939765616114,4.347280326139649,2.8309755086986286,1.1814030501668331,0.5008622315720618,123.66149003103106,4.49622926277151,2.8632373249197727,1.400082933332647,0.49401145031504695,123.66026238691997,4.5202649409928135,2.8632373249197727,1.2639106296854554,0.4815270448174445,123.67501039396177,4.509359633564785,2.8186629765800717,1.1631992895182395,0.49706380182581705,123.60924060569603,4.394525127618353,2.7744344438692963,1.15557652178806,0.0062617695733839795,0.004437133948043343,-0.007641660598841971,0.0046246893311101,-0.032583761217918616,0.007034516302934354,-0.0015101701757662678,0.007237636953461072,0.0047942500516799935,0.00424559652804739,0.004935808553695242,0.0043670584191697285,0.013186335563659668,-0.010227560997009277
3,2024,mu,0.988,100.0,180.0,4512,2249,35.76315900760258,0.4824274316855254,124.56589125636499,3.983580069570944,1.7457049322663565,1.0,0.4866890191456704,124.5801765759845,3.922991294397337,1.7575066214454154,1.195811083270252,0.48761097046865143,124.57241386815802,3.908536903069879,1.7553221965780068,1.173615974997712,0.4921915910661326,124.64128007810503,4.110489386983068,1.7723581899904488,1.3840178815635036,0.4860253412258187,124.6661026795491,4.191804918166681,1.7768186545904072,1.2519064107178257,0.46496494574658626,124.69074174754408,4.036830456952071,1.7758080224236465,1.1552325836428434,0.4789315820119794,124.6096224275603,3.8117925211632855,1.7611513601227315,1.1509012572766664,0.011306135343101209,0.0031352120159624953,-0.0032518325855317443,0.0030220234760548192,-0.044636456843054395,0.006007147891385121,-0.017799821953001005,0.006318505425815483,0.008833634201222296,0.0038530795499902805,0.010744701571002269,0.0038257807848792614,0.013009905815124512,-0.010035276412963867
3,2024,all,0.988,100.0,180.0,8166,4126,63.59398192520764,0.48800756787946337,124.17132235820507,4.232221243215741,2.1553196616307346,1.0,0.4914788614160103,124.1654601318126,4.1448058000008965,2.157021414984179,1.2002185558676381,0.4920270274058045,124.15514330365868,4.133540457393278,2.1532907003050212,1.1769732025827724,0.49595430948412117,124.21188191895116,4.311316258594307,2.1742321843710855,1.390943978176602,0.48948708159730375,124.2260708783093,4.367158258395417,2.1872103171650963,1.2570817678551296,0.47213326251706067,124.24237153254077,4.281706342551487,2.167793383483179,1.1586672550882922,0.48676692653116155,124.16819024906074,4.109338485206961,2.1486127912843926,1.1529168955804219,0.009106084553090588,0.0024220045553977406,-0.0051622079012458855,0.002417464626044376,-0.03936201618765989,0.004462418040850949,-0.010690674661464561,0.00469399287047828,0.00711319611626271,0.0028031613188315855,0.008236469659286039,0.0028167940218536665,0.01308734758802476,-0.010119677480320693
