/eos/project/h/htozg-dy-privatemc/pelai/HZa/parquet_DNA/Sig_MC/mA_M1_2022preEE/merged_FNUF_up.parquet	/eos/home-p/pelai/HZa/root_P2Root/run3_bdt_scored_nominal/mA_M1_FNUF_up/2022preEE.root	FNUF_up	1
/eos/project/h/htozg-dy-privatemc/pelai/HZa/parquet_DNA/Sig_MC/mA_M1_2022preEE/merged_FNUF_down.parquet	/eos/home-p/pelai/HZa/root_P2Root/run3_bdt_scored_nominal/mA_M1_FNUF_down/2022preEE.root	FNUF_down	1
/eos/project/h/htozg-dy-privatemc/pelai/HZa/parquet_DNA/Sig_MC/mA_M2_2022preEE/merged_FNUF_up.parquet	/eos/home-p/pelai/HZa/root_P2Root/run3_bdt_scored_nominal/mA_M2_FNUF_up/2022preEE.root	FNUF_up	1
/eos/project/h/htozg-dy-privatemc/pelai/HZa/parquet_DNA/Sig_MC/mA_M2_2022preEE/merged_FNUF_down.parquet	/eos/home-p/pelai/HZa/root_P2Root/run3_bdt_scored_nominal/mA_M2_FNUF_down/2022preEE.root	FNUF_down	1
/eos/project/h/htozg-dy-privatemc/pelai/HZa/parquet_DNA/Sig_MC/mA_M3_2022preEE/merged_FNUF_up.parquet	/eos/home-p/pelai/HZa/root_P2Root/run3_bdt_scored_nominal/mA_M3_FNUF_up/2022preEE.root	FNUF_up	1
/eos/project/h/htozg-dy-privatemc/pelai/HZa/parquet_DNA/Sig_MC/mA_M3_2022preEE/merged_FNUF_down.parquet	/eos/home-p/pelai/HZa/root_P2Root/run3_bdt_scored_nominal/mA_M3_FNUF_down/2022preEE.root	FNUF_down	1
/eos/project/h/htozg-dy-privatemc/pelai/HZa/parquet_DNA/Sig_MC/mA_M4_2022preEE/merged_FNUF_up.parquet	/eos/home-p/pelai/HZa/root_P2Root/run3_bdt_scored_nominal/mA_M4_FNUF_up/2022preEE.root	FNUF_up	1
/eos/project/h/htozg-dy-privatemc/pelai/HZa/parquet_DNA/Sig_MC/mA_M4_2022preEE/merged_FNUF_down.parquet	/eos/home-p/pelai/HZa/root_P2Root/run3_bdt_scored_nominal/mA_M4_FNUF_down/2022preEE.root	FNUF_down	1
/eos/project/h/htozg-dy-privatemc/pelai/HZa/parquet_DNA/Sig_MC/mA_M5_2022preEE/merged_FNUF_up.parquet	/eos/home-p/pelai/HZa/root_P2Root/run3_bdt_scored_nominal/mA_M5_FNUF_up/2022preEE.root	FNUF_up	1
/eos/project/h/htozg-dy-privatemc/pelai/HZa/parquet_DNA/Sig_MC/mA_M5_2022preEE/merged_FNUF_down.parquet	/eos/home-p/pelai/HZa/root_P2Root/run3_bdt_scored_nominal/mA_M5_FNUF_down/2022preEE.root	FNUF_down	1
/eos/project/h/htozg-dy-privatemc/pelai/HZa/parquet_DNA/Sig_MC/mA_M6_2022preEE/merged_FNUF_up.parquet	/eos/home-p/pelai/HZa/root_P2Root/run3_bdt_scored_nominal/mA_M6_FNUF_up/2022preEE.root	FNUF_up	1
/eos/project/h/htozg-dy-privatemc/pelai/HZa/parquet_DNA/Sig_MC/mA_M6_2022preEE/merged_FNUF_down.parquet	/eos/home-p/pelai/HZa/root_P2Root/run3_bdt_scored_nominal/mA_M6_FNUF_down/2022preEE.root	FNUF_down	1
/eos/project/h/htozg-dy-privatemc/pelai/HZa/parquet_DNA/Sig_MC/mA_M7_2022preEE/merged_FNUF_up.parquet	/eos/home-p/pelai/HZa/root_P2Root/run3_bdt_scored_nominal/mA_M7_FNUF_up/2022preEE.root	FNUF_up	1
/eos/project/h/htozg-dy-privatemc/pelai/HZa/parquet_DNA/Sig_MC/mA_M7_2022preEE/merged_FNUF_down.parquet	/eos/home-p/pelai/HZa/root_P2Root/run3_bdt_scored_nominal/mA_M7_FNUF_down/2022preEE.root	FNUF_down	1
/eos/project/h/htozg-dy-privatemc/pelai/HZa/parquet_DNA/Sig_MC/mA_M8_2022preEE/merged_FNUF_up.parquet	/eos/home-p/pelai/HZa/root_P2Root/run3_bdt_scored_nominal/mA_M8_FNUF_up/2022preEE.root	FNUF_up	1
/eos/project/h/htozg-dy-privatemc/pelai/HZa/parquet_DNA/Sig_MC/mA_M8_2022preEE/merged_FNUF_down.parquet	/eos/home-p/pelai/HZa/root_P2Root/run3_bdt_scored_nominal/mA_M8_FNUF_down/2022preEE.root	FNUF_down	1
/eos/project/h/htozg-dy-privatemc/pelai/HZa/parquet_DNA/Sig_MC/mA_M9_2022preEE/merged_FNUF_up.parquet	/eos/home-p/pelai/HZa/root_P2Root/run3_bdt_scored_nominal/mA_M9_FNUF_up/2022preEE.root	FNUF_up	1
/eos/project/h/htozg-dy-privatemc/pelai/HZa/parquet_DNA/Sig_MC/mA_M9_2022preEE/merged_FNUF_down.parquet	/eos/home-p/pelai/HZa/root_P2Root/run3_bdt_scored_nominal/mA_M9_FNUF_down/2022preEE.root	FNUF_down	1
/eos/project/h/htozg-dy-privatemc/pelai/HZa/parquet_DNA/Sig_MC/mA_M10_2022preEE/merged_FNUF_up.parquet	/eos/home-p/pelai/HZa/root_P2Root/run3_bdt_scored_nominal/mA_M10_FNUF_up/2022preEE.root	FNUF_up	1
/eos/project/h/htozg-dy-privatemc/pelai/HZa/parquet_DNA/Sig_MC/mA_M10_2022preEE/merged_FNUF_down.parquet	/eos/home-p/pelai/HZa/root_P2Root/run3_bdt_scored_nominal/mA_M10_FNUF_down/2022preEE.root	FNUF_down	1
/eos/project/h/htozg-dy-privatemc/pelai/HZa/parquet_DNA/Sig_MC/mA_M15_2022preEE/merged_FNUF_up.parquet	/eos/home-p/pelai/HZa/root_P2Root/run3_bdt_scored_nominal/mA_M15_FNUF_up/2022preEE.root	FNUF_up	1
/eos/project/h/htozg-dy-privatemc/pelai/HZa/parquet_DNA/Sig_MC/mA_M15_2022preEE/merged_FNUF_down.parquet	/eos/home-p/pelai/HZa/root_P2Root/run3_bdt_scored_nominal/mA_M15_FNUF_down/2022preEE.root	FNUF_down	1
/eos/project/h/htozg-dy-privatemc/pelai/HZa/parquet_DNA/Sig_MC/mA_M20_2022preEE/merged_FNUF_up.parquet	/eos/home-p/pelai/HZa/root_P2Root/run3_bdt_scored_nominal/mA_M20_FNUF_up/2022preEE.root	FNUF_up	1
/eos/project/h/htozg-dy-privatemc/pelai/HZa/parquet_DNA/Sig_MC/mA_M20_2022preEE/merged_FNUF_down.parquet	/eos/home-p/pelai/HZa/root_P2Root/run3_bdt_scored_nominal/mA_M20_FNUF_down/2022preEE.root	FNUF_down	1
/eos/project/h/htozg-dy-privatemc/pelai/HZa/parquet_DNA/Sig_MC/mA_M25_2022preEE/merged_FNUF_up.parquet	/eos/home-p/pelai/HZa/root_P2Root/run3_bdt_scored_nominal/mA_M25_FNUF_up/2022preEE.root	FNUF_up	1
/eos/project/h/htozg-dy-privatemc/pelai/HZa/parquet_DNA/Sig_MC/mA_M25_2022preEE/merged_FNUF_down.parquet	/eos/home-p/pelai/HZa/root_P2Root/run3_bdt_scored_nominal/mA_M25_FNUF_down/2022preEE.root	FNUF_down	1
/eos/project/h/htozg-dy-privatemc/pelai/HZa/parquet_DNA/Sig_MC/mA_M30_2022preEE/merged_FNUF_up.parquet	/eos/home-p/pelai/HZa/root_P2Root/run3_bdt_scored_nominal/mA_M30_FNUF_up/2022preEE.root	FNUF_up	1
/eos/project/h/htozg-dy-privatemc/pelai/HZa/parquet_DNA/Sig_MC/mA_M30_2022preEE/merged_FNUF_down.parquet	/eos/home-p/pelai/HZa/root_P2Root/run3_bdt_scored_nominal/mA_M30_FNUF_down/2022preEE.root	FNUF_down	1
/eos/project/h/htozg-dy-privatemc/pelai/HZa/parquet_DNA/Sig_MC/mA_M1_2022postEE/merged_FNUF_up.parquet	/eos/home-p/pelai/HZa/root_P2Root/run3_bdt_scored_nominal/mA_M1_FNUF_up/2022postEE.root	FNUF_up	1
/eos/project/h/htozg-dy-privatemc/pelai/HZa/parquet_DNA/Sig_MC/mA_M1_2022postEE/merged_FNUF_down.parquet	/eos/home-p/pelai/HZa/root_P2Root/run3_bdt_scored_nominal/mA_M1_FNUF_down/2022postEE.root	FNUF_down	1
/eos/project/h/htozg-dy-privatemc/pelai/HZa/parquet_DNA/Sig_MC/mA_M2_2022postEE/merged_FNUF_up.parquet	/eos/home-p/pelai/HZa/root_P2Root/run3_bdt_scored_nominal/mA_M2_FNUF_up/2022postEE.root	FNUF_up	1
/eos/project/h/htozg-dy-privatemc/pelai/HZa/parquet_DNA/Sig_MC/mA_M2_2022postEE/merged_FNUF_down.parquet	/eos/home-p/pelai/HZa/root_P2Root/run3_bdt_scored_nominal/mA_M2_FNUF_down/2022postEE.root	FNUF_down	1
/eos/project/h/htozg-dy-privatemc/pelai/HZa/parquet_DNA/Sig_MC/mA_M3_2022postEE/merged_FNUF_up.parquet	/eos/home-p/pelai/HZa/root_P2Root/run3_bdt_scored_nominal/mA_M3_FNUF_up/2022postEE.root	FNUF_up	1
/eos/project/h/htozg-dy-privatemc/pelai/HZa/parquet_DNA/Sig_MC/mA_M3_2022postEE/merged_FNUF_down.parquet	/eos/home-p/pelai/HZa/root_P2Root/run3_bdt_scored_nominal/mA_M3_FNUF_down/2022postEE.root	FNUF_down	1
/eos/project/h/htozg-dy-privatemc/pelai/HZa/parquet_DNA/Sig_MC/mA_M4_2022postEE/merged_FNUF_up.parquet	/eos/home-p/pelai/HZa/root_P2Root/run3_bdt_scored_nominal/mA_M4_FNUF_up/2022postEE.root	FNUF_up	1
/eos/project/h/htozg-dy-privatemc/pelai/HZa/parquet_DNA/Sig_MC/mA_M4_2022postEE/merged_FNUF_down.parquet	/eos/home-p/pelai/HZa/root_P2Root/run3_bdt_scored_nominal/mA_M4_FNUF_down/2022postEE.root	FNUF_down	1
/eos/project/h/htozg-dy-privatemc/pelai/HZa/parquet_DNA/Sig_MC/mA_M5_2022postEE/merged_FNUF_up.parquet	/eos/home-p/pelai/HZa/root_P2Root/run3_bdt_scored_nominal/mA_M5_FNUF_up/2022postEE.root	FNUF_up	1
/eos/project/h/htozg-dy-privatemc/pelai/HZa/parquet_DNA/Sig_MC/mA_M5_2022postEE/merged_FNUF_down.parquet	/eos/home-p/pelai/HZa/root_P2Root/run3_bdt_scored_nominal/mA_M5_FNUF_down/2022postEE.root	FNUF_down	1
/eos/project/h/htozg-dy-privatemc/pelai/HZa/parquet_DNA/Sig_MC/mA_M6_2022postEE/merged_FNUF_up.parquet	/eos/home-p/pelai/HZa/root_P2Root/run3_bdt_scored_nominal/mA_M6_FNUF_up/2022postEE.root	FNUF_up	1
/eos/project/h/htozg-dy-privatemc/pelai/HZa/parquet_DNA/Sig_MC/mA_M6_2022postEE/merged_FNUF_down.parquet	/eos/home-p/pelai/HZa/root_P2Root/run3_bdt_scored_nominal/mA_M6_FNUF_down/2022postEE.root	FNUF_down	1
/eos/project/h/htozg-dy-privatemc/pelai/HZa/parquet_DNA/Sig_MC/mA_M7_2022postEE/merged_FNUF_up.parquet	/eos/home-p/pelai/HZa/root_P2Root/run3_bdt_scored_nominal/mA_M7_FNUF_up/2022postEE.root	FNUF_up	1
/eos/project/h/htozg-dy-privatemc/pelai/HZa/parquet_DNA/Sig_MC/mA_M7_2022postEE/merged_FNUF_down.parquet	/eos/home-p/pelai/HZa/root_P2Root/run3_bdt_scored_nominal/mA_M7_FNUF_down/2022postEE.root	FNUF_down	1
/eos/project/h/htozg-dy-privatemc/pelai/HZa/parquet_DNA/Sig_MC/mA_M8_2022postEE/merged_FNUF_up.parquet	/eos/home-p/pelai/HZa/root_P2Root/run3_bdt_scored_nominal/mA_M8_FNUF_up/2022postEE.root	FNUF_up	1
/eos/project/h/htozg-dy-privatemc/pelai/HZa/parquet_DNA/Sig_MC/mA_M8_2022postEE/merged_FNUF_down.parquet	/eos/home-p/pelai/HZa/root_P2Root/run3_bdt_scored_nominal/mA_M8_FNUF_down/2022postEE.root	FNUF_down	1
/eos/project/h/htozg-dy-privatemc/pelai/HZa/parquet_DNA/Sig_MC/mA_M9_2022postEE/merged_FNUF_up.parquet	/eos/home-p/pelai/HZa/root_P2Root/run3_bdt_scored_nominal/mA_M9_FNUF_up/2022postEE.root	FNUF_up	1
/eos/project/h/htozg-dy-privatemc/pelai/HZa/parquet_DNA/Sig_MC/mA_M9_2022postEE/merged_FNUF_down.parquet	/eos/home-p/pelai/HZa/root_P2Root/run3_bdt_scored_nominal/mA_M9_FNUF_down/2022postEE.root	FNUF_down	1
/eos/project/h/htozg-dy-privatemc/pelai/HZa/parquet_DNA/Sig_MC/mA_M10_2022postEE/merged_FNUF_up.parquet	/eos/home-p/pelai/HZa/root_P2Root/run3_bdt_scored_nominal/mA_M10_FNUF_up/2022postEE.root	FNUF_up	1
/eos/project/h/htozg-dy-privatemc/pelai/HZa/parquet_DNA/Sig_MC/mA_M10_2022postEE/merged_FNUF_down.parquet	/eos/home-p/pelai/HZa/root_P2Root/run3_bdt_scored_nominal/mA_M10_FNUF_down/2022postEE.root	FNUF_down	1
/eos/project/h/htozg-dy-privatemc/pelai/HZa/parquet_DNA/Sig_MC/mA_M15_2022postEE/merged_FNUF_up.parquet	/eos/home-p/pelai/HZa/root_P2Root/run3_bdt_scored_nominal/mA_M15_FNUF_up/2022postEE.root	FNUF_up	1
/eos/project/h/htozg-dy-privatemc/pelai/HZa/parquet_DNA/Sig_MC/mA_M15_2022postEE/merged_FNUF_down.parquet	/eos/home-p/pelai/HZa/root_P2Root/run3_bdt_scored_nominal/mA_M15_FNUF_down/2022postEE.root	FNUF_down	1
/eos/project/h/htozg-dy-privatemc/pelai/HZa/parquet_DNA/Sig_MC/mA_M20_2022postEE/merged_FNUF_up.parquet	/eos/home-p/pelai/HZa/root_P2Root/run3_bdt_scored_nominal/mA_M20_FNUF_up/2022postEE.root	FNUF_up	1
/eos/project/h/htozg-dy-privatemc/pelai/HZa/parquet_DNA/Sig_MC/mA_M20_2022postEE/merged_FNUF_down.parquet	/eos/home-p/pelai/HZa/root_P2Root/run3_bdt_scored_nominal/mA_M20_FNUF_down/2022postEE.root	FNUF_down	1
/eos/project/h/htozg-dy-privatemc/pelai/HZa/parquet_DNA/Sig_MC/mA_M25_2022postEE/merged_FNUF_up.parquet	/eos/home-p/pelai/HZa/root_P2Root/run3_bdt_scored_nominal/mA_M25_FNUF_up/2022postEE.root	FNUF_up	1
/eos/project/h/htozg-dy-privatemc/pelai/HZa/parquet_DNA/Sig_MC/mA_M25_2022postEE/merged_FNUF_down.parquet	/eos/home-p/pelai/HZa/root_P2Root/run3_bdt_scored_nominal/mA_M25_FNUF_down/2022postEE.root	FNUF_down	1
/eos/project/h/htozg-dy-privatemc/pelai/HZa/parquet_DNA/Sig_MC/mA_M30_2022postEE/merged_FNUF_up.parquet	/eos/home-p/pelai/HZa/root_P2Root/run3_bdt_scored_nominal/mA_M30_FNUF_up/2022postEE.root	FNUF_up	1
/eos/project/h/htozg-dy-privatemc/pelai/HZa/parquet_DNA/Sig_MC/mA_M30_2022postEE/merged_FNUF_down.parquet	/eos/home-p/pelai/HZa/root_P2Root/run3_bdt_scored_nominal/mA_M30_FNUF_down/2022postEE.root	FNUF_down	1
/eos/project/h/htozg-dy-privatemc/pelai/HZa/parquet_DNA/Sig_MC/mA_M1_2023preBPix/merged_FNUF_up.parquet	/eos/home-p/pelai/HZa/root_P2Root/run3_bdt_scored_nominal/mA_M1_FNUF_up/2023preBPix.root	FNUF_up	1
/eos/project/h/htozg-dy-privatemc/pelai/HZa/parquet_DNA/Sig_MC/mA_M1_2023preBPix/merged_FNUF_down.parquet	/eos/home-p/pelai/HZa/root_P2Root/run3_bdt_scored_nominal/mA_M1_FNUF_down/2023preBPix.root	FNUF_down	1
/eos/project/h/htozg-dy-privatemc/pelai/HZa/parquet_DNA/Sig_MC/mA_M2_2023preBPix/merged_FNUF_up.parquet	/eos/home-p/pelai/HZa/root_P2Root/run3_bdt_scored_nominal/mA_M2_FNUF_up/2023preBPix.root	FNUF_up	1
/eos/project/h/htozg-dy-privatemc/pelai/HZa/parquet_DNA/Sig_MC/mA_M2_2023preBPix/merged_FNUF_down.parquet	/eos/home-p/pelai/HZa/root_P2Root/run3_bdt_scored_nominal/mA_M2_FNUF_down/2023preBPix.root	FNUF_down	1
/eos/project/h/htozg-dy-privatemc/pelai/HZa/parquet_DNA/Sig_MC/mA_M3_2023preBPix/merged_FNUF_up.parquet	/eos/home-p/pelai/HZa/root_P2Root/run3_bdt_scored_nominal/mA_M3_FNUF_up/2023preBPix.root	FNUF_up	1
/eos/project/h/htozg-dy-privatemc/pelai/HZa/parquet_DNA/Sig_MC/mA_M3_2023preBPix/merged_FNUF_down.parquet	/eos/home-p/pelai/HZa/root_P2Root/run3_bdt_scored_nominal/mA_M3_FNUF_down/2023preBPix.root	FNUF_down	1
/eos/project/h/htozg-dy-privatemc/pelai/HZa/parquet_DNA/Sig_MC/mA_M4_2023preBPix/merged_FNUF_up.parquet	/eos/home-p/pelai/HZa/root_P2Root/run3_bdt_scored_nominal/mA_M4_FNUF_up/2023preBPix.root	FNUF_up	1
/eos/project/h/htozg-dy-privatemc/pelai/HZa/parquet_DNA/Sig_MC/mA_M4_2023preBPix/merged_FNUF_down.parquet	/eos/home-p/pelai/HZa/root_P2Root/run3_bdt_scored_nominal/mA_M4_FNUF_down/2023preBPix.root	FNUF_down	1
/eos/project/h/htozg-dy-privatemc/pelai/HZa/parquet_DNA/Sig_MC/mA_M5_2023preBPix/merged_FNUF_up.parquet	/eos/home-p/pelai/HZa/root_P2Root/run3_bdt_scored_nominal/mA_M5_FNUF_up/2023preBPix.root	FNUF_up	1
/eos/project/h/htozg-dy-privatemc/pelai/HZa/parquet_DNA/Sig_MC/mA_M5_2023preBPix/merged_FNUF_down.parquet	/eos/home-p/pelai/HZa/root_P2Root/run3_bdt_scored_nominal/mA_M5_FNUF_down/2023preBPix.root	FNUF_down	1
/eos/project/h/htozg-dy-privatemc/pelai/HZa/parquet_DNA/Sig_MC/mA_M6_2023preBPix/merged_FNUF_up.parquet	/eos/home-p/pelai/HZa/root_P2Root/run3_bdt_scored_nominal/mA_M6_FNUF_up/2023preBPix.root	FNUF_up	1
/eos/project/h/htozg-dy-privatemc/pelai/HZa/parquet_DNA/Sig_MC/mA_M6_2023preBPix/merged_FNUF_down.parquet	/eos/home-p/pelai/HZa/root_P2Root/run3_bdt_scored_nominal/mA_M6_FNUF_down/2023preBPix.root	FNUF_down	1
/eos/project/h/htozg-dy-privatemc/pelai/HZa/parquet_DNA/Sig_MC/mA_M7_2023preBPix/merged_FNUF_up.parquet	/eos/home-p/pelai/HZa/root_P2Root/run3_bdt_scored_nominal/mA_M7_FNUF_up/2023preBPix.root	FNUF_up	1
/eos/project/h/htozg-dy-privatemc/pelai/HZa/parquet_DNA/Sig_MC/mA_M7_2023preBPix/merged_FNUF_down.parquet	/eos/home-p/pelai/HZa/root_P2Root/run3_bdt_scored_nominal/mA_M7_FNUF_down/2023preBPix.root	FNUF_down	1
/eos/project/h/htozg-dy-privatemc/pelai/HZa/parquet_DNA/Sig_MC/mA_M8_2023preBPix/merged_FNUF_up.parquet	/eos/home-p/pelai/HZa/root_P2Root/run3_bdt_scored_nominal/mA_M8_FNUF_up/2023preBPix.root	FNUF_up	1
/eos/project/h/htozg-dy-privatemc/pelai/HZa/parquet_DNA/Sig_MC/mA_M8_2023preBPix/merged_FNUF_down.parquet	/eos/home-p/pelai/HZa/root_P2Root/run3_bdt_scored_nominal/mA_M8_FNUF_down/2023preBPix.root	FNUF_down	1
/eos/project/h/htozg-dy-privatemc/pelai/HZa/parquet_DNA/Sig_MC/mA_M9_2023preBPix/merged_FNUF_up.parquet	/eos/home-p/pelai/HZa/root_P2Root/run3_bdt_scored_nominal/mA_M9_FNUF_up/2023preBPix.root	FNUF_up	1
/eos/project/h/htozg-dy-privatemc/pelai/HZa/parquet_DNA/Sig_MC/mA_M9_2023preBPix/merged_FNUF_down.parquet	/eos/home-p/pelai/HZa/root_P2Root/run3_bdt_scored_nominal/mA_M9_FNUF_down/2023preBPix.root	FNUF_down	1
/eos/project/h/htozg-dy-privatemc/pelai/HZa/parquet_DNA/Sig_MC/mA_M10_2023preBPix/merged_FNUF_up.parquet	/eos/home-p/pelai/HZa/root_P2Root/run3_bdt_scored_nominal/mA_M10_FNUF_up/2023preBPix.root	FNUF_up	1
/eos/project/h/htozg-dy-privatemc/pelai/HZa/parquet_DNA/Sig_MC/mA_M10_2023preBPix/merged_FNUF_down.parquet	/eos/home-p/pelai/HZa/root_P2Root/run3_bdt_scored_nominal/mA_M10_FNUF_down/2023preBPix.root	FNUF_down	1
/eos/project/h/htozg-dy-privatemc/pelai/HZa/parquet_DNA/Sig_MC/mA_M15_2023preBPix/merged_FNUF_up.parquet	/eos/home-p/pelai/HZa/root_P2Root/run3_bdt_scored_nominal/mA_M15_FNUF_up/2023preBPix.root	FNUF_up	1
/eos/project/h/htozg-dy-privatemc/pelai/HZa/parquet_DNA/Sig_MC/mA_M15_2023preBPix/merged_FNUF_down.parquet	/eos/home-p/pelai/HZa/root_P2Root/run3_bdt_scored_nominal/mA_M15_FNUF_down/2023preBPix.root	FNUF_down	1
/eos/project/h/htozg-dy-privatemc/pelai/HZa/parquet_DNA/Sig_MC/mA_M20_2023preBPix/merged_FNUF_up.parquet	/eos/home-p/pelai/HZa/root_P2Root/run3_bdt_scored_nominal/mA_M20_FNUF_up/2023preBPix.root	FNUF_up	1
/eos/project/h/htozg-dy-privatemc/pelai/HZa/parquet_DNA/Sig_MC/mA_M20_2023preBPix/merged_FNUF_down.parquet	/eos/home-p/pelai/HZa/root_P2Root/run3_bdt_scored_nominal/mA_M20_FNUF_down/2023preBPix.root	FNUF_down	1
/eos/project/h/htozg-dy-privatemc/pelai/HZa/parquet_DNA/Sig_MC/mA_M25_2023preBPix/merged_FNUF_up.parquet	/eos/home-p/pelai/HZa/root_P2Root/run3_bdt_scored_nominal/mA_M25_FNUF_up/2023preBPix.root	FNUF_up	1
/eos/project/h/htozg-dy-privatemc/pelai/HZa/parquet_DNA/Sig_MC/mA_M25_2023preBPix/merged_FNUF_down.parquet	/eos/home-p/pelai/HZa/root_P2Root/run3_bdt_scored_nominal/mA_M25_FNUF_down/2023preBPix.root	FNUF_down	1
/eos/project/h/htozg-dy-privatemc/pelai/HZa/parquet_DNA/Sig_MC/mA_M30_2023preBPix/merged_FNUF_up.parquet	/eos/home-p/pelai/HZa/root_P2Root/run3_bdt_scored_nominal/mA_M30_FNUF_up/2023preBPix.root	FNUF_up	1
/eos/project/h/htozg-dy-privatemc/pelai/HZa/parquet_DNA/Sig_MC/mA_M30_2023preBPix/merged_FNUF_down.parquet	/eos/home-p/pelai/HZa/root_P2Root/run3_bdt_scored_nominal/mA_M30_FNUF_down/2023preBPix.root	FNUF_down	1
/eos/project/h/htozg-dy-privatemc/pelai/HZa/parquet_DNA/Sig_MC/mA_M1_2023postBPix/merged_FNUF_up.parquet	/eos/home-p/pelai/HZa/root_P2Root/run3_bdt_scored_nominal/mA_M1_FNUF_up/2023postBPix.root	FNUF_up	1
/eos/project/h/htozg-dy-privatemc/pelai/HZa/parquet_DNA/Sig_MC/mA_M1_2023postBPix/merged_FNUF_down.parquet	/eos/home-p/pelai/HZa/root_P2Root/run3_bdt_scored_nominal/mA_M1_FNUF_down/2023postBPix.root	FNUF_down	1
/eos/project/h/htozg-dy-privatemc/pelai/HZa/parquet_DNA/Sig_MC/mA_M2_2023postBPix/merged_FNUF_up.parquet	/eos/home-p/pelai/HZa/root_P2Root/run3_bdt_scored_nominal/mA_M2_FNUF_up/2023postBPix.root	FNUF_up	1
/eos/project/h/htozg-dy-privatemc/pelai/HZa/parquet_DNA/Sig_MC/mA_M2_2023postBPix/merged_FNUF_down.parquet	/eos/home-p/pelai/HZa/root_P2Root/run3_bdt_scored_nominal/mA_M2_FNUF_down/2023postBPix.root	FNUF_down	1
/eos/project/h/htozg-dy-privatemc/pelai/HZa/parquet_DNA/Sig_MC/mA_M3_2023postBPix/merged_FNUF_up.parquet	/eos/home-p/pelai/HZa/root_P2Root/run3_bdt_scored_nominal/mA_M3_FNUF_up/2023postBPix.root	FNUF_up	1
/eos/project/h/htozg-dy-privatemc/pelai/HZa/parquet_DNA/Sig_MC/mA_M3_2023postBPix/merged_FNUF_down.parquet	/eos/home-p/pelai/HZa/root_P2Root/run3_bdt_scored_nominal/mA_M3_FNUF_down/2023postBPix.root	FNUF_down	1
/eos/project/h/htozg-dy-privatemc/pelai/HZa/parquet_DNA/Sig_MC/mA_M4_2023postBPix/merged_FNUF_up.parquet	/eos/home-p/pelai/HZa/root_P2Root/run3_bdt_scored_nominal/mA_M4_FNUF_up/2023postBPix.root	FNUF_up	1
/eos/project/h/htozg-dy-privatemc/pelai/HZa/parquet_DNA/Sig_MC/mA_M4_2023postBPix/merged_FNUF_down.parquet	/eos/home-p/pelai/HZa/root_P2Root/run3_bdt_scored_nominal/mA_M4_FNUF_down/2023postBPix.root	FNUF_down	1
/eos/project/h/htozg-dy-privatemc/pelai/HZa/parquet_DNA/Sig_MC/mA_M5_2023postBPix/merged_FNUF_up.parquet	/eos/home-p/pelai/HZa/root_P2Root/run3_bdt_scored_nominal/mA_M5_FNUF_up/2023postBPix.root	FNUF_up	1
/eos/project/h/htozg-dy-privatemc/pelai/HZa/parquet_DNA/Sig_MC/mA_M5_2023postBPix/merged_FNUF_down.parquet	/eos/home-p/pelai/HZa/root_P2Root/run3_bdt_scored_nominal/mA_M5_FNUF_down/2023postBPix.root	FNUF_down	1
/eos/project/h/htozg-dy-privatemc/pelai/HZa/parquet_DNA/Sig_MC/mA_M6_2023postBPix/merged_FNUF_up.parquet	/eos/home-p/pelai/HZa/root_P2Root/run3_bdt_scored_nominal/mA_M6_FNUF_up/2023postBPix.root	FNUF_up	1
/eos/project/h/htozg-dy-privatemc/pelai/HZa/parquet_DNA/Sig_MC/mA_M6_2023postBPix/merged_FNUF_down.parquet	/eos/home-p/pelai/HZa/root_P2Root/run3_bdt_scored_nominal/mA_M6_FNUF_down/2023postBPix.root	FNUF_down	1
/eos/project/h/htozg-dy-privatemc/pelai/HZa/parquet_DNA/Sig_MC/mA_M7_2023postBPix/merged_FNUF_up.parquet	/eos/home-p/pelai/HZa/root_P2Root/run3_bdt_scored_nominal/mA_M7_FNUF_up/2023postBPix.root	FNUF_up	1
/eos/project/h/htozg-dy-privatemc/pelai/HZa/parquet_DNA/Sig_MC/mA_M7_2023postBPix/merged_FNUF_down.parquet	/eos/home-p/pelai/HZa/root_P2Root/run3_bdt_scored_nominal/mA_M7_FNUF_down/2023postBPix.root	FNUF_down	1
/eos/project/h/htozg-dy-privatemc/pelai/HZa/parquet_DNA/Sig_MC/mA_M8_2023postBPix/merged_FNUF_up.parquet	/eos/home-p/pelai/HZa/root_P2Root/run3_bdt_scored_nominal/mA_M8_FNUF_up/2023postBPix.root	FNUF_up	1
/eos/project/h/htozg-dy-privatemc/pelai/HZa/parquet_DNA/Sig_MC/mA_M8_2023postBPix/merged_FNUF_down.parquet	/eos/home-p/pelai/HZa/root_P2Root/run3_bdt_scored_nominal/mA_M8_FNUF_down/2023postBPix.root	FNUF_down	1
/eos/project/h/htozg-dy-privatemc/pelai/HZa/parquet_DNA/Sig_MC/mA_M9_2023postBPix/merged_FNUF_up.parquet	/eos/home-p/pelai/HZa/root_P2Root/run3_bdt_scored_nominal/mA_M9_FNUF_up/2023postBPix.root	FNUF_up	1
/eos/project/h/htozg-dy-privatemc/pelai/HZa/parquet_DNA/Sig_MC/mA_M9_2023postBPix/merged_FNUF_down.parquet	/eos/home-p/pelai/HZa/root_P2Root/run3_bdt_scored_nominal/mA_M9_FNUF_down/2023postBPix.root	FNUF_down	1
/eos/project/h/htozg-dy-privatemc/pelai/HZa/parquet_DNA/Sig_MC/mA_M10_2023postBPix/merged_FNUF_up.parquet	/eos/home-p/pelai/HZa/root_P2Root/run3_bdt_scored_nominal/mA_M10_FNUF_up/2023postBPix.root	FNUF_up	1
/eos/project/h/htozg-dy-privatemc/pelai/HZa/parquet_DNA/Sig_MC/mA_M10_2023postBPix/merged_FNUF_down.parquet	/eos/home-p/pelai/HZa/root_P2Root/run3_bdt_scored_nominal/mA_M10_FNUF_down/2023postBPix.root	FNUF_down	1
/eos/project/h/htozg-dy-privatemc/pelai/HZa/parquet_DNA/Sig_MC/mA_M15_2023postBPix/merged_FNUF_up.parquet	/eos/home-p/pelai/HZa/root_P2Root/run3_bdt_scored_nominal/mA_M15_FNUF_up/2023postBPix.root	FNUF_up	1
/eos/project/h/htozg-dy-privatemc/pelai/HZa/parquet_DNA/Sig_MC/mA_M15_2023postBPix/merged_FNUF_down.parquet	/eos/home-p/pelai/HZa/root_P2Root/run3_bdt_scored_nominal/mA_M15_FNUF_down/2023postBPix.root	FNUF_down	1
/eos/project/h/htozg-dy-privatemc/pelai/HZa/parquet_DNA/Sig_MC/mA_M20_2023postBPix/merged_FNUF_up.parquet	/eos/home-p/pelai/HZa/root_P2Root/run3_bdt_scored_nominal/mA_M20_FNUF_up/2023postBPix.root	FNUF_up	1
/eos/project/h/htozg-dy-privatemc/pelai/HZa/parquet_DNA/Sig_MC/mA_M20_2023postBPix/merged_FNUF_down.parquet	/eos/home-p/pelai/HZa/root_P2Root/run3_bdt_scored_nominal/mA_M20_FNUF_down/2023postBPix.root	FNUF_down	1
/eos/project/h/htozg-dy-privatemc/pelai/HZa/parquet_DNA/Sig_MC/mA_M25_2023postBPix/merged_FNUF_up.parquet	/eos/home-p/pelai/HZa/root_P2Root/run3_bdt_scored_nominal/mA_M25_FNUF_up/2023postBPix.root	FNUF_up	1
/eos/project/h/htozg-dy-privatemc/pelai/HZa/parquet_DNA/Sig_MC/mA_M25_2023postBPix/merged_FNUF_down.parquet	/eos/home-p/pelai/HZa/root_P2Root/run3_bdt_scored_nominal/mA_M25_FNUF_down/2023postBPix.root	FNUF_down	1
/eos/project/h/htozg-dy-privatemc/pelai/HZa/parquet_DNA/Sig_MC/mA_M30_2023postBPix/merged_FNUF_up.parquet	/eos/home-p/pelai/HZa/root_P2Root/run3_bdt_scored_nominal/mA_M30_FNUF_up/2023postBPix.root	FNUF_up	1
/eos/project/h/htozg-dy-privatemc/pelai/HZa/parquet_DNA/Sig_MC/mA_M30_2023postBPix/merged_FNUF_down.parquet	/eos/home-p/pelai/HZa/root_P2Root/run3_bdt_scored_nominal/mA_M30_FNUF_down/2023postBPix.root	FNUF_down	1
/eos/project/h/htozg-dy-privatemc/pelai/HZa/parquet_DNA/Sig_MC/mA_M1_2024/merged_FNUF_up.parquet	/eos/home-p/pelai/HZa/root_P2Root/run3_bdt_scored_nominal/mA_M1_FNUF_up/2024.root	FNUF_up	1
/eos/project/h/htozg-dy-privatemc/pelai/HZa/parquet_DNA/Sig_MC/mA_M1_2024/merged_FNUF_down.parquet	/eos/home-p/pelai/HZa/root_P2Root/run3_bdt_scored_nominal/mA_M1_FNUF_down/2024.root	FNUF_down	1
/eos/project/h/htozg-dy-privatemc/pelai/HZa/parquet_DNA/Sig_MC/mA_M2_2024/merged_FNUF_up.parquet	/eos/home-p/pelai/HZa/root_P2Root/run3_bdt_scored_nominal/mA_M2_FNUF_up/2024.root	FNUF_up	1
/eos/project/h/htozg-dy-privatemc/pelai/HZa/parquet_DNA/Sig_MC/mA_M2_2024/merged_FNUF_down.parquet	/eos/home-p/pelai/HZa/root_P2Root/run3_bdt_scored_nominal/mA_M2_FNUF_down/2024.root	FNUF_down	1
/eos/project/h/htozg-dy-privatemc/pelai/HZa/parquet_DNA/Sig_MC/mA_M3_2024/merged_FNUF_up.parquet	/eos/home-p/pelai/HZa/root_P2Root/run3_bdt_scored_nominal/mA_M3_FNUF_up/2024.root	FNUF_up	1
/eos/project/h/htozg-dy-privatemc/pelai/HZa/parquet_DNA/Sig_MC/mA_M3_2024/merged_FNUF_down.parquet	/eos/home-p/pelai/HZa/root_P2Root/run3_bdt_scored_nominal/mA_M3_FNUF_down/2024.root	FNUF_down	1
/eos/project/h/htozg-dy-privatemc/pelai/HZa/parquet_DNA/Sig_MC/mA_M4_2024/merged_FNUF_up.parquet	/eos/home-p/pelai/HZa/root_P2Root/run3_bdt_scored_nominal/mA_M4_FNUF_up/2024.root	FNUF_up	1
/eos/project/h/htozg-dy-privatemc/pelai/HZa/parquet_DNA/Sig_MC/mA_M4_2024/merged_FNUF_down.parquet	/eos/home-p/pelai/HZa/root_P2Root/run3_bdt_scored_nominal/mA_M4_FNUF_down/2024.root	FNUF_down	1
/eos/project/h/htozg-dy-privatemc/pelai/HZa/parquet_DNA/Sig_MC/mA_M5_2024/merged_FNUF_up.parquet	/eos/home-p/pelai/HZa/root_P2Root/run3_bdt_scored_nominal/mA_M5_FNUF_up/2024.root	FNUF_up	1
/eos/project/h/htozg-dy-privatemc/pelai/HZa/parquet_DNA/Sig_MC/mA_M5_2024/merged_FNUF_down.parquet	/eos/home-p/pelai/HZa/root_P2Root/run3_bdt_scored_nominal/mA_M5_FNUF_down/2024.root	FNUF_down	1
/eos/project/h/htozg-dy-privatemc/pelai/HZa/parquet_DNA/Sig_MC/mA_M6_2024/merged_FNUF_up.parquet	/eos/home-p/pelai/HZa/root_P2Root/run3_bdt_scored_nominal/mA_M6_FNUF_up/2024.root	FNUF_up	1
/eos/project/h/htozg-dy-privatemc/pelai/HZa/parquet_DNA/Sig_MC/mA_M6_2024/merged_FNUF_down.parquet	/eos/home-p/pelai/HZa/root_P2Root/run3_bdt_scored_nominal/mA_M6_FNUF_down/2024.root	FNUF_down	1
/eos/project/h/htozg-dy-privatemc/pelai/HZa/parquet_DNA/Sig_MC/mA_M7_2024/merged_FNUF_up.parquet	/eos/home-p/pelai/HZa/root_P2Root/run3_bdt_scored_nominal/mA_M7_FNUF_up/2024.root	FNUF_up	1
/eos/project/h/htozg-dy-privatemc/pelai/HZa/parquet_DNA/Sig_MC/mA_M7_2024/merged_FNUF_down.parquet	/eos/home-p/pelai/HZa/root_P2Root/run3_bdt_scored_nominal/mA_M7_FNUF_down/2024.root	FNUF_down	1
/eos/project/h/htozg-dy-privatemc/pelai/HZa/parquet_DNA/Sig_MC/mA_M8_2024/merged_FNUF_up.parquet	/eos/home-p/pelai/HZa/root_P2Root/run3_bdt_scored_nominal/mA_M8_FNUF_up/2024.root	FNUF_up	1
/eos/project/h/htozg-dy-privatemc/pelai/HZa/parquet_DNA/Sig_MC/mA_M8_2024/merged_FNUF_down.parquet	/eos/home-p/pelai/HZa/root_P2Root/run3_bdt_scored_nominal/mA_M8_FNUF_down/2024.root	FNUF_down	1
/eos/project/h/htozg-dy-privatemc/pelai/HZa/parquet_DNA/Sig_MC/mA_M9_2024/merged_FNUF_up.parquet	/eos/home-p/pelai/HZa/root_P2Root/run3_bdt_scored_nominal/mA_M9_FNUF_up/2024.root	FNUF_up	1
/eos/project/h/htozg-dy-privatemc/pelai/HZa/parquet_DNA/Sig_MC/mA_M9_2024/merged_FNUF_down.parquet	/eos/home-p/pelai/HZa/root_P2Root/run3_bdt_scored_nominal/mA_M9_FNUF_down/2024.root	FNUF_down	1
/eos/project/h/htozg-dy-privatemc/pelai/HZa/parquet_DNA/Sig_MC/mA_M10_2024/merged_FNUF_up.parquet	/eos/home-p/pelai/HZa/root_P2Root/run3_bdt_scored_nominal/mA_M10_FNUF_up/2024.root	FNUF_up	1
/eos/project/h/htozg-dy-privatemc/pelai/HZa/parquet_DNA/Sig_MC/mA_M10_2024/merged_FNUF_down.parquet	/eos/home-p/pelai/HZa/root_P2Root/run3_bdt_scored_nominal/mA_M10_FNUF_down/2024.root	FNUF_down	1
/eos/project/h/htozg-dy-privatemc/pelai/HZa/parquet_DNA/Sig_MC/mA_M15_2024/merged_FNUF_up.parquet	/eos/home-p/pelai/HZa/root_P2Root/run3_bdt_scored_nominal/mA_M15_FNUF_up/2024.root	FNUF_up	1
/eos/project/h/htozg-dy-privatemc/pelai/HZa/parquet_DNA/Sig_MC/mA_M15_2024/merged_FNUF_down.parquet	/eos/home-p/pelai/HZa/root_P2Root/run3_bdt_scored_nominal/mA_M15_FNUF_down/2024.root	FNUF_down	1
/eos/project/h/htozg-dy-privatemc/pelai/HZa/parquet_DNA/Sig_MC/mA_M20_2024/merged_FNUF_up.parquet	/eos/home-p/pelai/HZa/root_P2Root/run3_bdt_scored_nominal/mA_M20_FNUF_up/2024.root	FNUF_up	1
/eos/project/h/htozg-dy-privatemc/pelai/HZa/parquet_DNA/Sig_MC/mA_M20_2024/merged_FNUF_down.parquet	/eos/home-p/pelai/HZa/root_P2Root/run3_bdt_scored_nominal/mA_M20_FNUF_down/2024.root	FNUF_down	1
/eos/project/h/htozg-dy-privatemc/pelai/HZa/parquet_DNA/Sig_MC/mA_M25_2024/merged_FNUF_up.parquet	/eos/home-p/pelai/HZa/root_P2Root/run3_bdt_scored_nominal/mA_M25_FNUF_up/2024.root	FNUF_up	1
/eos/project/h/htozg-dy-privatemc/pelai/HZa/parquet_DNA/Sig_MC/mA_M25_2024/merged_FNUF_down.parquet	/eos/home-p/pelai/HZa/root_P2Root/run3_bdt_scored_nominal/mA_M25_FNUF_down/2024.root	FNUF_down	1
/eos/project/h/htozg-dy-privatemc/pelai/HZa/parquet_DNA/Sig_MC/mA_M30_2024/merged_FNUF_up.parquet	/eos/home-p/pelai/HZa/root_P2Root/run3_bdt_scored_nominal/mA_M30_FNUF_up/2024.root	FNUF_up	1
/eos/project/h/htozg-dy-privatemc/pelai/HZa/parquet_DNA/Sig_MC/mA_M30_2024/merged_FNUF_down.parquet	/eos/home-p/pelai/HZa/root_P2Root/run3_bdt_scored_nominal/mA_M30_FNUF_down/2024.root	FNUF_down	1
